title:Myanmar All Kar,url:www.youporn.com/search/?search-btn=&query=myanmar,picture:Pictures/1.jpg,key:yes
title:Japanese,url:www.youporn.com/search/?search-btn=&query=japanese,picture:Pictures/2.jpg,key:yes
title:JAV HD,url:www.youporn.com/search/?search-btn=&query=JAV,picture:Pictures/3.jpg,key:yes
title:Chinese,url:www.youporn.com/porntags/chinese/,picture:Pictures/4.jpg,key:yes
title:Asian,url:www.youporn.com/search/?search-btn=&query=Asian,picture:Pictures/5.jpg,key:yes
title:Korean,url:www.youporn.com/search/?search-btn=&query=korean,picture:Pictures/6.jpg,key:yes
title:Teacher,url:www.youporn.com/search/?search-btn=&query=Teacher,picture:Pictures/7.jpg,key:yes
title:School,url:www.youporn.com/search/?search-btn=&query=school,picture:Pictures/8.jpg,key:yes
title:Massage,url:www.youporn.com/search/?search-btn=&query=Massage,picture:Pictures/9.jpg,key:yes
title:Hentai,url:www.youporn.com/search/?search-btn=&query=hentai,picture:Pictures/10.jpg,key:yes
title:Cute Girls,url:www.youporn.com/search/?search-btn=&query=cutegrils,picture:Pictures/11.jpg,key:yes
title:Teen,url:www.youporn.com/category/32/teen/,picture:Pictures/12.jpg,key:yes
title:Tight,url:www.youporn.com/porntags/tight-pussy/,picture:Pictures/13.jpg,key:yes


